Fish Name,Physical Description,Object Names
Brownbanded bamboo shark,,"fish_images/Brownbanded-bamboo-shark/brownbanded-bamboo-shark-001.png, fish_images/Brownbanded-bamboo-shark/brownbanded-bamboo-shark-002.png, fish_images/Brownbanded-bamboo-shark/brownbanded-bamboo-shark-003.png"
Whale shark,,"fish_images/Whale-shark/whale-shark-001.png, fish_images/Whale-shark/whale-shark-002.png, fish_images/Whale-shark/whale-shark-003.png"
Zebra shark,,"fish_images/Zebra-shark/zebra-shark-001.png, fish_images/Zebra-shark/zebra-shark-002.png, fish_images/Zebra-shark/zebra-shark-003.png"
Coral catshark,,"fish_images/Coral-catshark/coral-catshark-001.png, fish_images/Coral-catshark/coral-catshark-002.png, fish_images/Coral-catshark/coral-catshark-003.png"
Blacktip reef shark,,"fish_images/Blacktip-reef-shark/blacktip-reef-shark-001.png, fish_images/Blacktip-reef-shark/blacktip-reef-shark-002.png, fish_images/Blacktip-reef-shark/blacktip-reef-shark-003.png"
Whitetip reef shark,,"fish_images/Whitetip-reef-shark/whitetip-reef-shark-001.png, fish_images/Whitetip-reef-shark/whitetip-reef-shark-002.png, fish_images/Whitetip-reef-shark/whitetip-reef-shark-003.png"
Leopard shark,,"fish_images/Leopard-shark/leopard-shark-001.png, fish_images/Leopard-shark/leopard-shark-002.png, fish_images/Leopard-shark/leopard-shark-003.png"
Spotted eagle ray,,"fish_images/Spotted-eagle-ray/spotted-eagle-ray-001.png, fish_images/Spotted-eagle-ray/spotted-eagle-ray-002.png, fish_images/Spotted-eagle-ray/spotted-eagle-ray-003.png"
Manta ray,,"fish_images/Manta-ray/manta-ray-001.png, fish_images/Manta-ray/manta-ray-002.png, fish_images/Manta-ray/manta-ray-003.png"
Kuhl's maskray,,"fish_images/Kuhl's-maskray/kuhl's-maskray-001.png, fish_images/Kuhl's-maskray/kuhl's-maskray-002.png, fish_images/Kuhl's-maskray/kuhl's-maskray-003.png"
Bluespotted ribbontail ray,,"fish_images/Bluespotted-ribbontail-ray/bluespotted-ribbontail-ray-001.png, fish_images/Bluespotted-ribbontail-ray/bluespotted-ribbontail-ray-002.png, fish_images/Bluespotted-ribbontail-ray/bluespotted-ribbontail-ray-003.png"
Bowmouth guitarfish,,"fish_images/Bowmouth-guitarfish/bowmouth-guitarfish-001.png, fish_images/Bowmouth-guitarfish/bowmouth-guitarfish-002.png, fish_images/Bowmouth-guitarfish/bowmouth-guitarfish-003.png"
Shovelnose guitarfish,,"fish_images/Shovelnose-guitarfish/shovelnose-guitarfish-001.png, fish_images/Shovelnose-guitarfish/shovelnose-guitarfish-002.png, fish_images/Shovelnose-guitarfish/shovelnose-guitarfish-003.png"
Commerson's frogfish,,"fish_images/Commerson's-frogfish/commerson's-frogfish-001.png, fish_images/Commerson's-frogfish/commerson's-frogfish-002.png, fish_images/Commerson's-frogfish/commerson's-frogfish-003.png"
Painted frogfish,,"fish_images/Painted-frogfish/painted-frogfish-001.png, fish_images/Painted-frogfish/painted-frogfish-002.png, fish_images/Painted-frogfish/painted-frogfish-003.png"
Crocodile snake eel,,"fish_images/Crocodile-snake-eel/crocodile-snake-eel-001.png, fish_images/Crocodile-snake-eel/crocodile-snake-eel-002.png, fish_images/Crocodile-snake-eel/crocodile-snake-eel-003.png"
Laced moray,,"fish_images/Laced-moray/laced-moray-001.png, fish_images/Laced-moray/laced-moray-002.png, fish_images/Laced-moray/laced-moray-003.png"
Fimbriated moray,,"fish_images/Fimbriated-moray/fimbriated-moray-001.png, fish_images/Fimbriated-moray/fimbriated-moray-002.png, fish_images/Fimbriated-moray/fimbriated-moray-003.png"
Giant moray,,"fish_images/Giant-moray/giant-moray-001.png, fish_images/Giant-moray/giant-moray-002.png, fish_images/Giant-moray/giant-moray-003.png"
Greyface moray eel,,"fish_images/Greyface-moray-eel/greyface-moray-eel-001.png, fish_images/Greyface-moray-eel/greyface-moray-eel-002.png, fish_images/Greyface-moray-eel/greyface-moray-eel-003.png"
Spotted garden eel,,"fish_images/Spotted-garden-eel/spotted-garden-eel-001.png, fish_images/Spotted-garden-eel/spotted-garden-eel-002.png, fish_images/Spotted-garden-eel/spotted-garden-eel-003.png"
Ribbon eel,,"fish_images/Ribbon-eel/ribbon-eel-001.png, fish_images/Ribbon-eel/ribbon-eel-002.png, fish_images/Ribbon-eel/ribbon-eel-003.png"
Scrawled filefish,,"fish_images/Scrawled-filefish/scrawled-filefish-001.png, fish_images/Scrawled-filefish/scrawled-filefish-002.png, fish_images/Scrawled-filefish/scrawled-filefish-003.png"
White-spotted puffer,,"fish_images/White-spotted-puffer/white-spotted-puffer-001.png, fish_images/White-spotted-puffer/white-spotted-puffer-002.png, fish_images/White-spotted-puffer/white-spotted-puffer-003.png"
Map puffer,,"fish_images/Map-puffer/map-puffer-001.png, fish_images/Map-puffer/map-puffer-002.png, fish_images/Map-puffer/map-puffer-003.png"
Blackspotted puffer,,"fish_images/Blackspotted-puffer/blackspotted-puffer-001.png, fish_images/Blackspotted-puffer/blackspotted-puffer-002.png, fish_images/Blackspotted-puffer/blackspotted-puffer-003.png"
Stellate puffer,,"fish_images/Stellate-puffer/stellate-puffer-001.png, fish_images/Stellate-puffer/stellate-puffer-002.png, fish_images/Stellate-puffer/stellate-puffer-003.png"
Orange-lined triggerfish,,"fish_images/Orange-lined-triggerfish/orange-lined-triggerfish-001.png, fish_images/Orange-lined-triggerfish/orange-lined-triggerfish-002.png, fish_images/Orange-lined-triggerfish/orange-lined-triggerfish-003.png"
Clown triggerfish,,"fish_images/Clown-triggerfish/clown-triggerfish-001.png, fish_images/Clown-triggerfish/clown-triggerfish-002.png, fish_images/Clown-triggerfish/clown-triggerfish-003.png"
Titan triggerfish,,"fish_images/Titan-triggerfish/titan-triggerfish-001.png, fish_images/Titan-triggerfish/titan-triggerfish-002.png, fish_images/Titan-triggerfish/titan-triggerfish-003.png"
Spot-fin porcupinefish,,"fish_images/Spot-fin-porcupinefish/spot-fin-porcupinefish-001.png, fish_images/Spot-fin-porcupinefish/spot-fin-porcupinefish-002.png, fish_images/Spot-fin-porcupinefish/spot-fin-porcupinefish-003.png"
Redtoothed triggerfish,,"fish_images/Redtoothed-triggerfish/redtoothed-triggerfish-001.png, fish_images/Redtoothed-triggerfish/redtoothed-triggerfish-002.png, fish_images/Redtoothed-triggerfish/redtoothed-triggerfish-003.png"
Yellow boxfish,,"fish_images/Yellow-boxfish/yellow-boxfish-001.png, fish_images/Yellow-boxfish/yellow-boxfish-002.png, fish_images/Yellow-boxfish/yellow-boxfish-003.png"
White-spotted boxfish,,"fish_images/White-spotted-boxfish/white-spotted-boxfish-001.png, fish_images/White-spotted-boxfish/white-spotted-boxfish-002.png, fish_images/White-spotted-boxfish/white-spotted-boxfish-003.png"
Yellowmargin triggerfish,,"fish_images/Yellowmargin-triggerfish/yellowmargin-triggerfish-001.png, fish_images/Yellowmargin-triggerfish/yellowmargin-triggerfish-002.png, fish_images/Yellowmargin-triggerfish/yellowmargin-triggerfish-003.png"
Blue triggerfish,,"fish_images/Blue-triggerfish/blue-triggerfish-001.png, fish_images/Blue-triggerfish/blue-triggerfish-002.png, fish_images/Blue-triggerfish/blue-triggerfish-003.png"
Halfmoon triggerfish,,"fish_images/Halfmoon-triggerfish/halfmoon-triggerfish-001.png, fish_images/Halfmoon-triggerfish/halfmoon-triggerfish-002.png, fish_images/Halfmoon-triggerfish/halfmoon-triggerfish-003.png"
Zebra turkeyfish,,"fish_images/Zebra-turkeyfish/zebra-turkeyfish-001.png, fish_images/Zebra-turkeyfish/zebra-turkeyfish-002.png, fish_images/Zebra-turkeyfish/zebra-turkeyfish-003.png"
Clearfin lionfish,,"fish_images/Clearfin-lionfish/clearfin-lionfish-001.png, fish_images/Clearfin-lionfish/clearfin-lionfish-002.png, fish_images/Clearfin-lionfish/clearfin-lionfish-003.png"
Red lionfish,,"fish_images/Red-lionfish/red-lionfish-001.png, fish_images/Red-lionfish/red-lionfish-002.png, fish_images/Red-lionfish/red-lionfish-003.png"
False stonefish,,"fish_images/False-stonefish/false-stonefish-001.png, fish_images/False-stonefish/false-stonefish-002.png, fish_images/False-stonefish/false-stonefish-003.png"
Tassled scorpionfish,,"fish_images/Tassled-scorpionfish/tassled-scorpionfish-001.png, fish_images/Tassled-scorpionfish/tassled-scorpionfish-002.png, fish_images/Tassled-scorpionfish/tassled-scorpionfish-003.png"
Powderblue surgeonfish,,"fish_images/Powderblue-surgeonfish/powderblue-surgeonfish-001.png, fish_images/Powderblue-surgeonfish/powderblue-surgeonfish-002.png, fish_images/Powderblue-surgeonfish/powderblue-surgeonfish-003.png"
Clark's anemonefish,,"fish_images/Clark's-anemonefish/clark's-anemonefish-001.png, fish_images/Clark's-anemonefish/clark's-anemonefish-002.png, fish_images/Clark's-anemonefish/clark's-anemonefish-003.png"
Tomato clownfish,,"fish_images/Tomato-clownfish/tomato-clownfish-001.png, fish_images/Tomato-clownfish/tomato-clownfish-002.png, fish_images/Tomato-clownfish/tomato-clownfish-003.png"
Ocellaris clownfish,,"fish_images/Ocellaris-clownfish/ocellaris-clownfish-001.png, fish_images/Ocellaris-clownfish/ocellaris-clownfish-002.png, fish_images/Ocellaris-clownfish/ocellaris-clownfish-003.png"
Pink skunk clownfish,,"fish_images/Pink-skunk-clownfish/pink-skunk-clownfish-001.png, fish_images/Pink-skunk-clownfish/pink-skunk-clownfish-002.png, fish_images/Pink-skunk-clownfish/pink-skunk-clownfish-003.png"
Green humphead parrotfish,,"fish_images/Green-humphead-parrotfish/green-humphead-parrotfish-001.png, fish_images/Green-humphead-parrotfish/green-humphead-parrotfish-002.png, fish_images/Green-humphead-parrotfish/green-humphead-parrotfish-003.png"
Yellowback fusilier,,"fish_images/Yellowback-fusilier/yellowback-fusilier-001.png, fish_images/Yellowback-fusilier/yellowback-fusilier-002.png, fish_images/Yellowback-fusilier/yellowback-fusilier-003.png"
Yellowspotted trevally,,"fish_images/Yellowspotted-trevally/yellowspotted-trevally-001.png, fish_images/Yellowspotted-trevally/yellowspotted-trevally-002.png, fish_images/Yellowspotted-trevally/yellowspotted-trevally-003.png"
Giant trevally,,"fish_images/Giant-trevally/giant-trevally-001.png, fish_images/Giant-trevally/giant-trevally-002.png, fish_images/Giant-trevally/giant-trevally-003.png"
Bluefin trevally,,"fish_images/Bluefin-trevally/bluefin-trevally-001.png, fish_images/Bluefin-trevally/bluefin-trevally-002.png, fish_images/Bluefin-trevally/bluefin-trevally-003.png"
Bigeye trevally,,"fish_images/Bigeye-trevally/bigeye-trevally-001.png, fish_images/Bigeye-trevally/bigeye-trevally-002.png, fish_images/Bigeye-trevally/bigeye-trevally-003.png"
Argus grouper,,"fish_images/Argus-grouper/argus-grouper-001.png, fish_images/Argus-grouper/argus-grouper-002.png, fish_images/Argus-grouper/argus-grouper-003.png"
Coral hind,,"fish_images/Coral-hind/coral-hind-001.png, fish_images/Coral-hind/coral-hind-002.png, fish_images/Coral-hind/coral-hind-003.png"
Eastern triangle butterflyfish,,"fish_images/Eastern-triangle-butterflyfish/eastern-triangle-butterflyfish-001.png, fish_images/Eastern-triangle-butterflyfish/eastern-triangle-butterflyfish-002.png, fish_images/Eastern-triangle-butterflyfish/eastern-triangle-butterflyfish-003.png"
Redtail butterflyfish,,"fish_images/Redtail-butterflyfish/redtail-butterflyfish-001.png, fish_images/Redtail-butterflyfish/redtail-butterflyfish-002.png, fish_images/Redtail-butterflyfish/redtail-butterflyfish-003.png"
Indian vagabond butterflyfish,,"fish_images/Indian-vagabond-butterflyfish/indian-vagabond-butterflyfish-001.png, fish_images/Indian-vagabond-butterflyfish/indian-vagabond-butterflyfish-002.png, fish_images/Indian-vagabond-butterflyfish/indian-vagabond-butterflyfish-003.png"
Scrawled butterflyfish,,"fish_images/Scrawled-butterflyfish/scrawled-butterflyfish-001.png, fish_images/Scrawled-butterflyfish/scrawled-butterflyfish-002.png, fish_images/Scrawled-butterflyfish/scrawled-butterflyfish-003.png"
Eightband butterflyfish,,"fish_images/Eightband-butterflyfish/eightband-butterflyfish-001.png, fish_images/Eightband-butterflyfish/eightband-butterflyfish-002.png, fish_images/Eightband-butterflyfish/eightband-butterflyfish-003.png"
Latticed butterflyfish,,"fish_images/Latticed-butterflyfish/latticed-butterflyfish-001.png, fish_images/Latticed-butterflyfish/latticed-butterflyfish-002.png, fish_images/Latticed-butterflyfish/latticed-butterflyfish-003.png"
Humphead wrasse,,"fish_images/Humphead-wrasse/humphead-wrasse-001.png, fish_images/Humphead-wrasse/humphead-wrasse-002.png, fish_images/Humphead-wrasse/humphead-wrasse-003.png"
Humpback grouper,,"fish_images/Humpback-grouper/humpback-grouper-001.png, fish_images/Humpback-grouper/humpback-grouper-002.png, fish_images/Humpback-grouper/humpback-grouper-003.png"
Honeycomb grouper,,"fish_images/Honeycomb-grouper/honeycomb-grouper-001.png, fish_images/Honeycomb-grouper/honeycomb-grouper-002.png, fish_images/Honeycomb-grouper/honeycomb-grouper-003.png"
Potato cod,,"fish_images/Potato-cod/potato-cod-001.png, fish_images/Potato-cod/potato-cod-002.png, fish_images/Potato-cod/potato-cod-003.png"
Yellow longnose butterflyfish,,"fish_images/Yellow-longnose-butterflyfish/yellow-longnose-butterflyfish-001.png, fish_images/Yellow-longnose-butterflyfish/yellow-longnose-butterflyfish-002.png, fish_images/Yellow-longnose-butterflyfish/yellow-longnose-butterflyfish-003.png"
Dogtooth tuna,,"fish_images/Dogtooth-tuna/dogtooth-tuna-001.png, fish_images/Dogtooth-tuna/dogtooth-tuna-002.png, fish_images/Dogtooth-tuna/dogtooth-tuna-003.png"
Checkerboard wrasse,,"fish_images/Checkerboard-wrasse/checkerboard-wrasse-001.png, fish_images/Checkerboard-wrasse/checkerboard-wrasse-002.png, fish_images/Checkerboard-wrasse/checkerboard-wrasse-003.png"
Pennant coralfish,,"fish_images/Pennant-coralfish/pennant-coralfish-001.png, fish_images/Pennant-coralfish/pennant-coralfish-002.png, fish_images/Pennant-coralfish/pennant-coralfish-003.png"
Schooling bannerfish,,"fish_images/Schooling-bannerfish/schooling-bannerfish-001.png, fish_images/Schooling-bannerfish/schooling-bannerfish-002.png, fish_images/Schooling-bannerfish/schooling-bannerfish-003.png"
Bigeye snapper,,"fish_images/Bigeye-snapper/bigeye-snapper-001.png, fish_images/Bigeye-snapper/bigeye-snapper-002.png, fish_images/Bigeye-snapper/bigeye-snapper-003.png"
Humpnose unicorn,,"fish_images/Humpnose-unicorn/humpnose-unicorn-001.png, fish_images/Humpnose-unicorn/humpnose-unicorn-002.png, fish_images/Humpnose-unicorn/humpnose-unicorn-003.png"
Red fire goby,,"fish_images/Red-fire-goby/red-fire-goby-001.png, fish_images/Red-fire-goby/red-fire-goby-002.png, fish_images/Red-fire-goby/red-fire-goby-003.png"
Palette surgeonfish,,"fish_images/Palette-surgeonfish/palette-surgeonfish-001.png, fish_images/Palette-surgeonfish/palette-surgeonfish-002.png, fish_images/Palette-surgeonfish/palette-surgeonfish-003.png"
Black-sided hawkfish,,"fish_images/Black-sided-hawkfish/black-sided-hawkfish-001.png, fish_images/Black-sided-hawkfish/black-sided-hawkfish-002.png, fish_images/Black-sided-hawkfish/black-sided-hawkfish-003.png"
Teira batfish,,"fish_images/Teira-batfish/teira-batfish-001.png, fish_images/Teira-batfish/teira-batfish-002.png, fish_images/Teira-batfish/teira-batfish-003.png"
Indian Ocean oriental sweetlips,,"fish_images/Indian-Ocean-oriental-sweetlips/indian-ocean-oriental-sweetlips-001.png, fish_images/Indian-Ocean-oriental-sweetlips/indian-ocean-oriental-sweetlips-002.png, fish_images/Indian-Ocean-oriental-sweetlips/indian-ocean-oriental-sweetlips-003.png"
Blue ring angelfish,,"fish_images/Blue-ring-angelfish/blue-ring-angelfish-001.png, fish_images/Blue-ring-angelfish/blue-ring-angelfish-002.png, fish_images/Blue-ring-angelfish/blue-ring-angelfish-003.png"
Emperor angelfish,,"fish_images/Emperor-angelfish/emperor-angelfish-001.png, fish_images/Emperor-angelfish/emperor-angelfish-002.png, fish_images/Emperor-angelfish/emperor-angelfish-003.png"
Blueface angelfish,,"fish_images/Blueface-angelfish/blueface-angelfish-001.png, fish_images/Blueface-angelfish/blueface-angelfish-002.png, fish_images/Blueface-angelfish/blueface-angelfish-003.png"
Royal angelfish,,"fish_images/Royal-angelfish/royal-angelfish-001.png, fish_images/Royal-angelfish/royal-angelfish-002.png, fish_images/Royal-angelfish/royal-angelfish-003.png"
Streaked spinefoot,,"fish_images/Streaked-spinefoot/streaked-spinefoot-001.png, fish_images/Streaked-spinefoot/streaked-spinefoot-002.png, fish_images/Streaked-spinefoot/streaked-spinefoot-003.png"
Great barracuda,,"fish_images/Great-barracuda/great-barracuda-001.png, fish_images/Great-barracuda/great-barracuda-002.png, fish_images/Great-barracuda/great-barracuda-003.png"
Yellowtail barracuda,,"fish_images/Yellowtail-barracuda/yellowtail-barracuda-001.png, fish_images/Yellowtail-barracuda/yellowtail-barracuda-002.png, fish_images/Yellowtail-barracuda/yellowtail-barracuda-003.png"
Pickhandle barracuda,,"fish_images/Pickhandle-barracuda/pickhandle-barracuda-001.png, fish_images/Pickhandle-barracuda/pickhandle-barracuda-002.png, fish_images/Pickhandle-barracuda/pickhandle-barracuda-003.png"
Blackfin barracuda,,"fish_images/Blackfin-barracuda/blackfin-barracuda-001.png, fish_images/Blackfin-barracuda/blackfin-barracuda-002.png, fish_images/Blackfin-barracuda/blackfin-barracuda-003.png"
Moorish idol,,"fish_images/Moorish-idol/moorish-idol-001.png, fish_images/Moorish-idol/moorish-idol-002.png, fish_images/Moorish-idol/moorish-idol-003.png"
Little dragonfish,,"fish_images/Little-dragonfish/little-dragonfish-001.png, fish_images/Little-dragonfish/little-dragonfish-002.png, fish_images/Little-dragonfish/little-dragonfish-003.png"
Indian mackerel,,"fish_images/Indian-mackerel/indian-mackerel-001.png, fish_images/Indian-mackerel/indian-mackerel-002.png, fish_images/Indian-mackerel/indian-mackerel-003.png"
Trumpetfish,,"fish_images/Trumpetfish/trumpetfish-001.png, fish_images/Trumpetfish/trumpetfish-002.png, fish_images/Trumpetfish/trumpetfish-003.png"
Ornate ghost pipefish,,"fish_images/Ornate-ghost-pipefish/ornate-ghost-pipefish-001.png, fish_images/Ornate-ghost-pipefish/ornate-ghost-pipefish-002.png, fish_images/Ornate-ghost-pipefish/ornate-ghost-pipefish-003.png"
